,0,1,2,3,4,5,6,7,8,9,10,11,12,13,14,15,16,17,18,19,20,21,22,23,24,25,26,27,28,29,30,31,32,33,34,35,36,37,38,39,40,41,42,43,44,45,46,47,48,49,50,51,52,53,54,55,56,57,58,59,60,61,62,63,64,65,66,67,68,69,70,71,72,73,74,75,76,77,78,79,80,81,82,83,84,85,86,87,88,89,90,91,92,93,94,95,96,97,98,99,100,101,102,103,104,105,106,107,108,code,author
0,0.8268206039076377,0.11856127886323269,0.7760165403170227,0.017482517482517484,0.02097902097902098,0.027972027972027972,0.055944055944055944,0.055944055944055944,0.045454545454545456,0.055944055944055944,0.027972027972027972,0.04195804195804196,0.04195804195804196,0.05944055944055944,0.03496503496503497,0.038461538461538464,0.04195804195804196,0.05244755244755245,0.038461538461538464,0.03496503496503497,0.03496503496503497,0.017482517482517484,0.02097902097902098,0.02097902097902098,0.02097902097902098,0.017482517482517484,0.02097902097902098,0.013986013986013986,0.1398601398601399,0.1425255338904364,0.08356545961002786,0.08426183844011143,0.08658310120705665,0.14066852367688024,0.13184772516248838,0.12395543175487465,0.07497678737233054,0.05338904363974002,0.032265552460538534,0.025069637883008356,0.010445682451253482,0.0064995357474466105,0.0032497678737233053,0.00023212627669452182,0.00046425255338904364,0.0,0.0,0.0,0.0,0.0,0.0,0.0,0.0,0.0,0.0,0.8356643356643356,0.15734265734265734,0.006993006993006993,0.0,0.0,0.0,0.0,0.0,0.0,0.0,0.0,0.0,0.0,0.0,0.0,0.0,0.0,0.0,0.0,0.0,0.0,0.0,0.0,0.0,0.0,0.0,1.1102230246251565e-16,0.24125874125874125,0.3146853146853147,0.2097902097902098,0.10139860139860139,0.06643356643356643,0.02097902097902098,0.017482517482517484,0.017482517482517484,0.006993006993006993,0.0,0.0,0.0,0.0,0.0034965034965034965,0.0,0.0,0.0,0.0,0.0,0.0,0.0,0.0,0.0,0.0,0.0,0.0,0.0,0,Бунин
1,0.7931638913234005,0.12591294186386212,0.6992849846782431,0.008823529411764706,0.020588235294117647,0.01764705882352941,0.014705882352941176,0.03235294117647059,0.041176470588235294,0.03823529411764706,0.03529411764705882,0.03235294117647059,0.047058823529411764,0.052941176470588235,0.01764705882352941,0.052941176470588235,0.03529411764705882,0.029411764705882353,0.026470588235294117,0.026470588235294117,0.014705882352941176,0.020588235294117647,0.020588235294117647,0.026470588235294117,0.029411764705882353,0.011764705882352941,0.026470588235294117,0.026470588235294117,0.2941176470588236,0.11516054735130742,0.10486383958813168,0.09050264191843924,0.08779298198076141,0.13887007180598834,0.13453461590570384,0.12193469719550197,0.0728898523235334,0.0516190218127625,0.03441268120850833,0.025741769407939305,0.012464435713317979,0.00501287088470397,0.0029806259314456036,0.0005419319875355643,0.0005419319875355643,0.0,0.00013548299688389108,0.0,0.0,0.0,0.0,0.0,0.0,0.0,0.0,0.6529411764705882,0.2735294117647059,0.05588235294117647,0.014705882352941176,0.0029411764705882353,0.0,0.0,0.0,0.0,0.0,0.0,0.0,0.0,0.0,0.0,0.0,0.0,0.0,0.0,0.0,0.0,0.0,0.0,0.0,0.0,0.0,0.0,0.24705882352941178,0.28823529411764703,0.16176470588235295,0.11764705882352941,0.05,0.058823529411764705,0.023529411764705882,0.01764705882352941,0.011764705882352941,0.0058823529411764705,0.008823529411764706,0.0029411764705882353,0.0,0.0,0.0,0.0,0.0029411764705882353,0.0,0.0,0.0029411764705882353,0.0,0.0,0.0,0.0,0.0,0.0,0.0,0,Бунин
2,0.7716161158895428,0.13761883205070166,0.6683812405446293,0.01045751633986928,0.036601307189542485,0.054901960784313725,0.03790849673202614,0.05751633986928104,0.06928104575163399,0.07320261437908497,0.06405228758169934,0.05228758169934641,0.040522875816993466,0.03790849673202614,0.04967320261437908,0.030065359477124184,0.03398692810457516,0.03137254901960784,0.023529411764705882,0.02483660130718954,0.032679738562091505,0.02091503267973856,0.018300653594771243,0.02091503267973856,0.01699346405228758,0.011764705882352941,0.01437908496732026,0.006535947712418301,0.12941176470588223,0.10995870546432344,0.12551618169595696,0.10179583213291078,0.09881878421204264,0.13886488043791415,0.14078555651589358,0.10285220397579949,0.07288965715932008,0.04609622587150677,0.030826851051570153,0.013924901565351004,0.009699414193796217,0.004129453567655815,0.002208777489676366,0.0012484394506866417,9.603380389897244e-05,0.00019206760779794487,0.0,0.0,9.603380389897244e-05,0.0,0.0,0.0,0.0,0.0,0.0,0.6745098039215687,0.2718954248366013,0.044444444444444446,0.00784313725490196,0.00130718954248366,0.0,0.0,0.0,0.0,0.0,0.0,0.0,0.0,0.0,0.0,0.0,0.0,0.0,0.0,0.0,0.0,0.0,0.0,0.0,0.0,0.0,1.1102230246251565e-16,0.33464052287581697,0.3150326797385621,0.16732026143790849,0.08758169934640522,0.03790849673202614,0.027450980392156862,0.00784313725490196,0.01568627450980392,0.00130718954248366,0.00522875816993464,0.0,0.0,0.0,0.0,0.0,0.0,0.0,0.0,0.0,0.0,0.0,0.0,0.0,0.0,0.0,0.0,2.220446049250313e-16,0,Бунин
3,0.8333333333333334,0.10456273764258556,0.753042233357194,0.05825242718446602,0.024271844660194174,0.019417475728155338,0.009708737864077669,0.024271844660194174,0.019417475728155338,0.019417475728155338,0.019417475728155338,0.02912621359223301,0.038834951456310676,0.014563106796116505,0.02912621359223301,0.019417475728155338,0.024271844660194174,0.03398058252427184,0.019417475728155338,0.009708737864077669,0.03398058252427184,0.019417475728155338,0.014563106796116505,0.024271844660194174,0.03398058252427184,0.014563106796116505,0.009708737864077669,0.0048543689320388345,0.43203883495145645,0.1258588382261087,0.10587133041848844,0.0975952529668957,0.07698313554028732,0.12757651467832604,0.11602123672704559,0.11024359775140537,0.08198001249219238,0.06308557151780138,0.04325421611492817,0.0226420986883198,0.013741411617738912,0.008432229856339788,0.0035915053091817614,0.001717676452217364,0.0006246096189881324,0.00046845721424109934,0.0003123048094940662,0.0,0.0,0.0,0.0,0.0,0.0,0.0,2.220446049250313e-16,0.6601941747572816,0.2815533980582524,0.038834951456310676,0.014563106796116505,0.0048543689320388345,0.0,0.0,0.0,0.0,0.0,0.0,0.0,0.0,0.0,0.0,0.0,0.0,0.0,0.0,0.0,0.0,0.0,0.0,0.0,0.0,0.0,0.0,0.21359223300970873,0.19902912621359223,0.16990291262135923,0.07766990291262135,0.1262135922330097,0.04854368932038835,0.038834951456310676,0.043689320388349516,0.024271844660194174,0.0048543689320388345,0.0,0.009708737864077669,0.009708737864077669,0.0,0.0,0.014563106796116505,0.0048543689320388345,0.0,0.0,0.0048543689320388345,0.0,0.0048543689320388345,0.0,0.0,0.0,0.0048543689320388345,2.220446049250313e-16,0,Бунин
4,0.7880233174350821,0.12639109697933226,0.6904500548847421,0.0049833887043189366,0.03986710963455149,0.044850498338870434,0.04318936877076412,0.04817275747508306,0.0664451827242525,0.061461794019933555,0.053156146179401995,0.07475083056478406,0.044850498338870434,0.05149501661129568,0.036544850498338874,0.03820598006644518,0.02159468438538206,0.04152823920265781,0.04152823920265781,0.03820598006644518,0.02823920265780731,0.014950166112956811,0.0049833887043189366,0.03322259136212625,0.014950166112956811,0.014950166112956811,0.019933554817275746,0.008305647840531562,0.10963455149501655,0.11075794621026895,0.1139364303178484,0.08973105134474328,0.0843520782396088,0.15317848410757945,0.1356968215158924,0.11687041564792176,0.08080684596577017,0.04535452322738386,0.03300733496332518,0.017726161369193152,0.012591687041564792,0.004156479217603912,0.0008557457212713936,0.0008557457212713936,0.00012224938875305622,0.0,0.0,0.0,0.0,0.0,0.0,0.0,0.0,0.0,2.220446049250313e-16,0.6627906976744186,0.3122923588039867,0.02159468438538206,0.0033222591362126247,0.0,0.0,0.0,0.0,0.0,0.0,0.0,0.0,0.0,0.0,0.0,0.0,0.0,0.0,0.0,0.0,0.0,0.0,0.0,0.0,0.0,0.0,1.1102230246251565e-16,0.3803986710963455,0.31727574750830567,0.16943521594684385,0.08139534883720931,0.024916943521594685,0.016611295681063124,0.0033222591362126247,0.0049833887043189366,0.0016611295681063123,0.0,0.0,0.0,0.0,0.0,0.0,0.0,0.0,0.0,0.0,0.0,0.0,0.0,0.0,0.0,0.0,0.0,0.0,0,Бунин
5,0.7507370678102385,0.13267220584293754,0.5945816733067729,0.04048964218455744,0.09887005649717515,0.11487758945386065,0.08192090395480225,0.0951035781544256,0.0743879472693032,0.05743879472693032,0.05367231638418079,0.044256120527306965,0.04331450094161959,0.027306967984934087,0.026365348399246705,0.025423728813559324,0.0160075329566855,0.01977401129943503,0.022598870056497175,0.013182674199623353,0.017890772128060263,0.022598870056497175,0.0160075329566855,0.005649717514124294,0.009416195856873822,0.007532956685499058,0.004708097928436911,0.006591337099811676,0.0546139359698683,0.11966073983241365,0.10535458818720621,0.10637645616186389,0.0900265685673411,0.13008379317392194,0.11843449826282444,0.10985080727569999,0.07888820764357245,0.05916615573267934,0.03923973022685469,0.021561414265276926,0.010218679746576743,0.005313713468219906,0.002963417126507255,0.001430615164520744,0.0008174943797261394,0.0004087471898630697,0.00010218679746576743,0.0,0.00010218679746576743,0.0,0.0,0.0,0.0,0.0,1.1102230246251565e-16,0.6986817325800376,0.256120527306968,0.03766478342749529,0.006591337099811676,0.0009416195856873823,0.0,0.0,0.0,0.0,0.0,0.0,0.0,0.0,0.0,0.0,0.0,0.0,0.0,0.0,0.0,0.0,0.0,0.0,0.0,0.0,0.0,1.1102230246251565e-16,0.4548022598870056,0.2900188323917137,0.12146892655367232,0.06685499058380415,0.031073446327683617,0.021657250470809793,0.00847457627118644,0.0018832391713747645,0.0018832391713747645,0.0018832391713747645,0.0,0.0,0.0,0.0,0.0,0.0,0.0,0.0,0.0,0.0,0.0,0.0,0.0,0.0,0.0,0.0,0.0,0,Бунин
6,0.7892156862745098,0.12594268476621417,0.6831530139103554,0.026515151515151516,0.0625,0.04924242424242424,0.09090909090909091,0.07575757575757576,0.07386363636363637,0.0625,0.056818181818181816,0.041666666666666664,0.045454545454545456,0.043560606060606064,0.03409090909090909,0.03977272727272727,0.03409090909090909,0.01893939393939394,0.013257575757575758,0.028409090909090908,0.02462121212121212,0.020833333333333332,0.01893939393939394,0.00946969696969697,0.00946969696969697,0.00946969696969697,0.005681818181818182,0.007575757575757576,0.09659090909090884,0.1184231192084184,0.13161614575153133,0.11591016177163499,0.10805716978168682,0.13727029998429402,0.12046489712580494,0.09941887859274384,0.06408041463797708,0.04429087482330768,0.028427831003612375,0.01743364221768494,0.006596513271556463,0.005025914873566829,0.0009423590387937804,0.001099418878592744,0.00015705983979896342,0.0004711795193968902,0.0,0.0,0.00015705983979896342,0.00015705983979896342,0.0,0.0,0.0,0.0,0.0,0.6609848484848485,0.2765151515151515,0.056818181818181816,0.003787878787878788,0.001893939393939394,0.0,0.0,0.0,0.0,0.0,0.0,0.0,0.0,0.0,0.0,0.0,0.0,0.0,0.0,0.0,0.0,0.0,0.0,0.0,0.0,0.0,0.0,0.38825757575757575,0.2727272727272727,0.16477272727272727,0.07575757575757576,0.04924242424242424,0.02462121212121212,0.005681818181818182,0.00946969696969697,0.003787878787878788,0.0,0.001893939393939394,0.001893939393939394,0.0,0.0,0.0,0.0,0.0,0.0,0.0,0.001893939393939394,0.0,0.0,0.0,0.0,0.0,0.0,-2.220446049250313e-16,0,Бунин
7,0.7653705550016617,0.13891658358258557,0.6619005719313682,0.02337228714524207,0.06176961602671119,0.048414023372287146,0.06010016694490818,0.041736227045075125,0.07512520868113523,0.05843071786310518,0.04006677796327212,0.05843071786310518,0.04340567612687813,0.038397328881469114,0.06176961602671119,0.03171953255425709,0.05008347245409015,0.03005008347245409,0.021702838063439065,0.028380634390651086,0.028380634390651086,0.021702838063439065,0.008347245409015025,0.02003338898163606,0.01001669449081803,0.018363939899833055,0.01335559265442404,0.008347245409015025,0.09849749582637735,0.11583637100040502,0.12528689077899285,0.11583637100040502,0.10260564331038208,0.12434183880113406,0.13568246253543945,0.11502632644795464,0.0637235047927636,0.042392331578236804,0.029566626164439044,0.01633589847441609,0.00688537869582827,0.004320237613068718,0.001215066828675577,0.0008100445524503848,0.0,0.00013500742540839745,0.0,0.0,0.0,0.0,0.0,0.0,0.0,0.0,0.0,0.5225375626043406,0.4056761268781302,0.05843071786310518,0.01001669449081803,0.00333889816360601,0.0,0.0,0.0,0.0,0.0,0.0,0.0,0.0,0.0,0.0,0.0,0.0,0.0,0.0,0.0,0.0,0.0,0.0,0.0,0.0,0.0,0.0,0.3756260434056761,0.28046744574290483,0.1636060100166945,0.08347245409015025,0.04006677796327212,0.03005008347245409,0.015025041736227046,0.00333889816360601,0.005008347245409015,0.001669449081803005,0.0,0.001669449081803005,0.0,0.0,0.0,0.0,0.0,0.0,0.0,0.0,0.0,0.0,0.0,0.0,0.0,0.0,0.0,0,Бунин
8,0.8045766590389016,0.11624713958810069,0.6925515055467512,0.0,0.025210084033613446,0.03361344537815126,0.012605042016806723,0.029411764705882353,0.06722689075630252,0.08823529411764706,0.02100840336134454,0.03361344537815126,0.03361344537815126,0.025210084033613446,0.03361344537815126,0.01680672268907563,0.029411764705882353,0.02100840336134454,0.02100840336134454,0.025210084033613446,0.029411764705882353,0.025210084033613446,0.03361344537815126,0.037815126050420166,0.01680672268907563,0.01680672268907563,0.02100840336134454,0.012605042016806723,0.2899159663865546,0.1301055987248456,0.10400478182904961,0.10280932456664674,0.10500099621438534,0.14146244271767283,0.12831241283124128,0.10759115361625822,0.06515242080095636,0.04283721856943614,0.028491731420601712,0.0213189878461845,0.011556086869894401,0.00657501494321578,0.0035863717872086074,0.0005977286312014345,0.0005977286312014345,0.0,0.0,0.0,0.0,0.0,0.0,0.0,0.0,0.0,1.1102230246251565e-16,0.7100840336134454,0.23529411764705882,0.03361344537815126,0.01680672268907563,0.004201680672268907,0.0,0.0,0.0,0.0,0.0,0.0,0.0,0.0,0.0,0.0,0.0,0.0,0.0,0.0,0.0,0.0,0.0,0.0,0.0,0.0,0.0,0.0,0.18067226890756302,0.27310924369747897,0.18067226890756302,0.12184873949579832,0.06722689075630252,0.06722689075630252,0.025210084033613446,0.02100840336134454,0.01680672268907563,0.01680672268907563,0.012605042016806723,0.008403361344537815,0.004201680672268907,0.0,0.0,0.0,0.004201680672268907,0.0,0.0,0.0,0.0,0.0,0.0,0.0,0.0,0.0,0.0,0,Бунин
9,0.7729715894548247,0.12515996928589712,0.6425986842105263,0.040289256198347105,0.09194214876033058,0.10020661157024793,0.08161157024793389,0.08057851239669421,0.07747933884297521,0.04855371900826446,0.05785123966942149,0.04855371900826446,0.04442148760330578,0.03409090909090909,0.027892561983471075,0.025826446280991736,0.023760330578512397,0.029958677685950414,0.01859504132231405,0.02169421487603306,0.015495867768595042,0.010330578512396695,0.012396694214876033,0.012396694214876033,0.012396694214876033,0.010330578512396695,0.008264462809917356,0.006198347107438017,0.058884297520661266,0.11341295846105062,0.11594968819363703,0.09872106542648769,0.08476905189726244,0.12451115104111617,0.1386745587147236,0.11774653842088574,0.0718740090899482,0.05697072191100307,0.03889652256632491,0.018074199344678153,0.01035831307472783,0.004544974104217313,0.0028538209491597083,0.0009512736497199028,0.001374061938484304,0.00031709121657330094,0.0,0.0,0.0,0.0,0.0,0.0,0.0,0.0,0.0,0.7489669421487604,0.22210743801652894,0.026859504132231406,0.0010330578512396695,0.0,0.0010330578512396695,0.0,0.0,0.0,0.0,0.0,0.0,0.0,0.0,0.0,0.0,0.0,0.0,0.0,0.0,0.0,0.0,0.0,0.0,0.0,0.0,1.1102230246251565e-16,0.45764462809917356,0.2871900826446281,0.12913223140495866,0.06198347107438017,0.028925619834710745,0.01652892561983471,0.011363636363636364,0.0010330578512396695,0.0030991735537190084,0.002066115702479339,0.0,0.0010330578512396695,0.0,0.0,0.0,0.0,0.0,0.0,0.0,0.0,0.0,0.0,0.0,0.0,0.0,0.0,1.1102230246251565e-16,0,Бунин
10,0.7561837455830389,0.13780918727915195,0.6216743958994386,0.004878048780487805,0.014634146341463415,0.055284552845528454,0.061788617886178863,0.07479674796747968,0.07642276422764227,0.08292682926829269,0.08130081300813008,0.06829268292682927,0.055284552845528454,0.04715447154471545,0.032520325203252036,0.03902439024390244,0.04390243902439024,0.026016260162601626,0.02926829268292683,0.022764227642276424,0.02926829268292683,0.004878048780487805,0.01788617886178862,0.016260162601626018,0.011382113821138212,0.0032520325203252032,0.00975609756097561,0.008130081300813009,0.08292682926829242,0.13043478260869565,0.13559782608695653,0.12608695652173912,0.12744565217391304,0.12730978260869566,0.12404891304347826,0.0953804347826087,0.06182065217391304,0.035054347826086955,0.019021739130434784,0.007065217391304348,0.006793478260869565,0.002173913043478261,0.0008152173913043478,0.0009510869565217392,0.0,0.0,0.0,0.0,0.0,0.0,0.0,0.0,0.0,0.0,1.1102230246251565e-16,0.5772357723577236,0.32195121951219513,0.08617886178861789,0.0065040650406504065,0.0065040650406504065,0.0016260162601626016,0.0,0.0,0.0,0.0,0.0,0.0,0.0,0.0,0.0,0.0,0.0,0.0,0.0,0.0,0.0,0.0,0.0,0.0,0.0,0.0,1.1102230246251565e-16,0.31382113821138213,0.3121951219512195,0.15447154471544716,0.1008130081300813,0.05365853658536585,0.026016260162601626,0.01788617886178862,0.008130081300813009,0.004878048780487805,0.0065040650406504065,0.0,0.0,0.0016260162601626016,0.0,0.0,0.0,0.0,0.0,0.0,0.0,0.0,0.0,0.0,0.0,0.0,0.0,-2.220446049250313e-16,0,Бунин
11,0.7991402891754592,0.11879640484564283,0.6986076986076986,0.023121387283236993,0.055876685934489405,0.06936416184971098,0.0674373795761079,0.07514450867052024,0.0674373795761079,0.06165703275529865,0.05009633911368015,0.046242774566473986,0.057803468208092484,0.06358381502890173,0.055876685934489405,0.03468208092485549,0.030828516377649325,0.03275529865125241,0.019267822736030827,0.017341040462427744,0.011560693641618497,0.009633911368015413,0.019267822736030827,0.009633911368015413,0.009633911368015413,0.005780346820809248,0.0019267822736030828,0.011560693641618497,0.09248554913294815,0.11539117095619567,0.12408385887165502,0.10908471109596046,0.10686892790182376,0.136526333731038,0.12306118970513039,0.11164138401227203,0.07056417249019942,0.043122549855121865,0.028975626384864495,0.01534003749786944,0.009374467359809102,0.004261121527185955,0.0010226691665246293,0.0005113345832623146,0.0,0.0001704448610874382,0.0,0.0,0.0,0.0,0.0,0.0,0.0,0.0,1.1102230246251565e-16,0.6666666666666666,0.28709055876685935,0.04238921001926782,0.0038535645472061657,0.0,0.0,0.0,0.0,0.0,0.0,0.0,0.0,0.0,0.0,0.0,0.0,0.0,0.0,0.0,0.0,0.0,0.0,0.0,0.0,0.0,0.0,0.0,0.4123314065510597,0.2678227360308285,0.17341040462427745,0.07321772639691715,0.038535645472061654,0.009633911368015413,0.017341040462427744,0.0038535645472061657,0.0,0.0019267822736030828,0.0,0.0019267822736030828,0.0,0.0,0.0,0.0,0.0,0.0,0.0,0.0,0.0,0.0,0.0,0.0,0.0,0.0,0.0,0,Бунин
12,0.8140035906642729,0.12459605026929982,0.73657762496694,0.025252525252525252,0.025252525252525252,0.027777777777777776,0.06565656565656566,0.06060606060606061,0.05555555555555555,0.05303030303030303,0.045454545454545456,0.045454545454545456,0.045454545454545456,0.045454545454545456,0.04040404040404041,0.03282828282828283,0.012626262626262626,0.03787878787878788,0.03787878787878788,0.025252525252525252,0.022727272727272728,0.020202020202020204,0.025252525252525252,0.005050505050505051,0.03535353535353535,0.015151515151515152,0.020202020202020204,0.022727272727272728,0.15151515151515127,0.12531624219935908,0.11249789171867094,0.10322145387080452,0.09546297857986169,0.11890706695901501,0.1119919041996964,0.10372744138977905,0.08062067802327542,0.04874346432787991,0.05363467701130039,0.022600775847529096,0.011131725417439703,0.0069151627593186035,0.0020239500758981277,0.0021926125822229717,0.00016866250632484398,0.00033732501264968796,0.0005059875189745319,0.0,0.0,0.0,0.0,0.0,0.0,0.0,0.0,0.6565656565656566,0.28535353535353536,0.047979797979797977,0.010101010101010102,0.0,0.0,0.0,0.0,0.0,0.0,0.0,0.0,0.0,0.0,0.0,0.0,0.0,0.0,0.0,0.0,0.0,0.0,0.0,0.0,0.0,0.0,0.0,0.3106060606060606,0.3282828282828283,0.17929292929292928,0.09090909090909091,0.05303030303030303,0.020202020202020204,0.007575757575757576,0.0025252525252525255,0.0,0.005050505050505051,0.0,0.0,0.0025252525252525255,0.0,0.0,0.0,0.0,0.0,0.0,0.0,0.0,0.0,0.0,0.0,0.0,0.0,1.1102230246251565e-16,0,Бунин
13,0.8046931407942238,0.11046931407942238,0.6930197648236177,0.05172413793103448,0.10344827586206896,0.11302681992337164,0.05938697318007663,0.05363984674329502,0.044061302681992334,0.040229885057471264,0.038314176245210725,0.03639846743295019,0.038314176245210725,0.038314176245210725,0.02681992337164751,0.022988505747126436,0.013409961685823755,0.02681992337164751,0.01532567049808429,0.019157088122605363,0.017241379310344827,0.028735632183908046,0.02681992337164751,0.017241379310344827,0.01532567049808429,0.011494252873563218,0.022988505747126436,0.011494252873563218,0.10727969348658994,0.11192095885973437,0.11402656300615484,0.11159701976028506,0.11694201490119857,0.1494978943958536,0.13313896987366375,0.10916747651441529,0.06365403304178814,0.03709102688694525,0.029154518950437316,0.014415289925494007,0.006640751538710722,0.0017816650469711693,0.00048590864917395527,0.00048590864917395527,0.0,0.0,0.0,0.0,0.0,0.0,0.0,0.0,0.0,0.0,0.0,0.6360153256704981,0.28544061302681994,0.05747126436781609,0.0210727969348659,0.0,0.0,0.0,0.0,0.0,0.0,0.0,0.0,0.0,0.0,0.0,0.0,0.0,0.0,0.0,0.0,0.0,0.0,0.0,0.0,0.0,0.0,0.0,0.4367816091954023,0.26436781609195403,0.13409961685823754,0.07854406130268199,0.04789272030651341,0.019157088122605363,0.011494252873563218,0.0038314176245210726,0.0019157088122605363,0.0,0.0,0.0,0.0,0.0019157088122605363,0.0,0.0,0.0,0.0,0.0,0.0,0.0,0.0,0.0,0.0,0.0,0.0,0.0,1,Горький
14,0.7678636198766775,0.13275299238302501,0.6420586865393573,0.15114235500878734,0.1704745166959578,0.140597539543058,0.11335676625659051,0.09666080843585237,0.04569420035149385,0.0421792618629174,0.02460456942003515,0.02460456942003515,0.021968365553602813,0.029876977152899824,0.020210896309314587,0.014938488576449912,0.01054481546572935,0.012302284710017574,0.01054481546572935,0.007908611599297012,0.009666080843585237,0.007029876977152899,0.004393673110720563,0.0035149384885764497,0.0035149384885764497,0.006151142355008787,0.0035149384885764497,0.0035149384885764497,0.02108963093145866,0.12356112487250473,0.13361503715576278,0.1136529214629171,0.11263295934722424,0.1253096313565496,0.1494973043858371,0.0983534897275244,0.04954101704793822,0.03686434503861285,0.025353344018650737,0.017922191461460003,0.008159696925542765,0.00335130409441935,0.0013113798630336587,0.0007285443683520326,0.00014570887367040654,0.0,0.0,0.0,0.0,0.0,0.0,0.0,0.0,0.0,1.1102230246251565e-16,0.7574692442882249,0.22407732864674867,0.015817223198594025,0.0026362038664323375,0.0,0.0,0.0,0.0,0.0,0.0,0.0,0.0,0.0,0.0,0.0,0.0,0.0,0.0,0.0,0.0,0.0,0.0,0.0,0.0,0.0,0.0,0.0,0.5536028119507909,0.30492091388400705,0.08347978910369068,0.0351493848857645,0.01757469244288225,0.0017574692442882249,0.0026362038664323375,0.0,0.0008787346221441124,0.0,0.0,0.0,0.0,0.0,0.0,0.0,0.0,0.0,0.0,0.0,0.0,0.0,0.0,0.0,0.0,0.0,0.0,1,Горький
15,0.7756066813740939,0.1273242987708793,0.6451809678731192,0.07835325365205843,0.13280212483399734,0.11420982735723771,0.09561752988047809,0.06241699867197875,0.04780876494023904,0.033200531208499334,0.05046480743691899,0.03054448871181939,0.02390438247011952,0.025232403718459494,0.027888446215139442,0.02656042496679947,0.02257636122177955,0.017264276228419653,0.017264276228419653,0.01195219123505976,0.013280212483399735,0.021248339973439574,0.006640106241699867,0.01195219123505976,0.013280212483399735,0.010624169986719787,0.010624169986719787,0.009296148738379814,0.08499335989375867,0.11291611185086552,0.11451398135818908,0.11757656458055925,0.10679094540612516,0.15073235685752331,0.12476697736351532,0.10452729693741677,0.06458055925432757,0.04553928095872171,0.0303595206391478,0.016644474034620507,0.0074567243675099865,0.0019973368841544607,0.0009320905459387483,0.0002663115845539281,0.0002663115845539281,0.00013315579227696404,0.0,0.0,0.0,0.0,0.0,0.0,0.0,0.0,-2.220446049250313e-16,0.6334661354581673,0.28286852589641437,0.0650730411686587,0.017264276228419653,0.0013280212483399733,0.0,0.0,0.0,0.0,0.0,0.0,0.0,0.0,0.0,0.0,0.0,0.0,0.0,0.0,0.0,0.0,0.0,0.0,0.0,0.0,0.0,0.0,0.45683930942895085,0.300132802124834,0.13678618857901725,0.05046480743691899,0.034528552456839307,0.00398406374501992,0.01195219123505976,0.0026560424966799467,0.0013280212483399733,0.0,0.0013280212483399733,0.0,0.0,0.0,0.0,0.0,0.0,0.0,0.0,0.0,0.0,0.0,0.0,0.0,0.0,0.0,1.1102230246251565e-16,1,Горький
16,0.7906178489702517,0.11899313501144165,0.6681957186544343,0.04670912951167728,0.08492569002123142,0.09978768577494693,0.07855626326963906,0.06794055201698514,0.055201698513800426,0.055201698513800426,0.029723991507430998,0.03184713375796178,0.014861995753715499,0.029723991507430998,0.014861995753715499,0.02335456475583864,0.012738853503184714,0.021231422505307854,0.025477707006369428,0.03821656050955414,0.010615711252653927,0.025477707006369428,0.02335456475583864,0.016985138004246284,0.02335456475583864,0.008492569002123142,0.008492569002123142,0.016985138004246284,0.13588110403397036,0.10484551747425291,0.11531318588553098,0.10704035117339186,0.12375485395914233,0.14384602397433732,0.1267938544656424,0.10298835049805842,0.06803984467330744,0.04271484045247341,0.03258483876413979,0.018234003039000506,0.00709100118183353,0.0043896673982779,0.001857166976194496,0.0,0.00033766672294445384,0.0,0.00016883336147222692,0.0,0.0,0.0,0.0,0.0,0.0,0.0,0.0,0.6348195329087049,0.2760084925690021,0.07006369426751592,0.014861995753715499,0.004246284501061571,0.0,0.0,0.0,0.0,0.0,0.0,0.0,0.0,0.0,0.0,0.0,0.0,0.0,0.0,0.0,0.0,0.0,0.0,0.0,0.0,0.0,0.0,0.40764331210191085,0.24628450106157113,0.17834394904458598,0.06581740976645435,0.03821656050955414,0.03397027600849257,0.016985138004246284,0.004246284501061571,0.0021231422505307855,0.0021231422505307855,0.004246284501061571,0.0,0.0,0.0,0.0,0.0,0.0,0.0,0.0,0.0,0.0,0.0,0.0,0.0,0.0,0.0,0.0,1,Горький
17,0.7638888888888888,0.12736406619385343,0.6275964391691394,0.05714285714285714,0.09523809523809523,0.10238095238095238,0.08214285714285714,0.07261904761904762,0.05119047619047619,0.05,0.04404761904761905,0.0380952380952381,0.039285714285714285,0.023809523809523808,0.02023809523809524,0.03333333333333333,0.02738095238095238,0.01904761904761905,0.023809523809523808,0.02142857142857143,0.016666666666666666,0.011904761904761904,0.010714285714285714,0.02142857142857143,0.02142857142857143,0.008333333333333333,0.008333333333333333,0.010714285714285714,0.0892857142857143,0.12833861475780897,0.12516976007243097,0.12437754640108646,0.10989135355364418,0.1445224083295609,0.11498415572657311,0.09483929379809869,0.05647351742870077,0.0377999094612947,0.027387958352195565,0.01754187415119964,0.010072430964237211,0.004300588501584427,0.002489814395654142,0.0011317338162064282,0.0003395201448619285,0.00011317338162064282,0.00011317338162064282,0.00011317338162064282,0.0,0.0,0.0,0.0,0.0,0.0,0.0,0.5214285714285715,0.36666666666666664,0.08928571428571429,0.017857142857142856,0.0035714285714285713,0.0011904761904761906,0.0,0.0,0.0,0.0,0.0,0.0,0.0,0.0,0.0,0.0,0.0,0.0,0.0,0.0,0.0,0.0,0.0,0.0,0.0,0.0,0.0,0.4583333333333333,0.23809523809523808,0.16428571428571428,0.06666666666666667,0.041666666666666664,0.023809523809523808,0.0035714285714285713,0.002380952380952381,0.0,0.0,0.0,0.0011904761904761906,0.0,0.0,0.0,0.0,0.0,0.0,0.0,0.0,0.0,0.0,0.0,0.0,0.0,0.0,1.1102230246251565e-16,1,Горький
18,0.7931034482758621,0.1261663286004057,0.6975099037917374,0.0475,0.1075,0.0825,0.09,0.05,0.0375,0.04,0.035,0.0375,0.0275,0.0175,0.025,0.0275,0.0275,0.025,0.0175,0.0225,0.0125,0.02,0.02,0.0125,0.0175,0.015,0.0125,0.0175,0.15500000000000036,0.10161352285824049,0.1098732232039954,0.09854014598540146,0.1114099116404149,0.14579331540530158,0.1444487130234345,0.11198616980407222,0.06511717249327699,0.04898194391087207,0.032078371110257395,0.01882443334613907,0.008259700345754899,0.002305032654629274,0.0005762581636573184,0.0,0.0001920860545524395,0.0,0.0,0.0,0.0,0.0,0.0,0.0,0.0,0.0,0.0,0.6975,0.255,0.0325,0.01,0.005,0.0,0.0,0.0,0.0,0.0,0.0,0.0,0.0,0.0,0.0,0.0,0.0,0.0,0.0,0.0,0.0,0.0,0.0,0.0,0.0,0.0,0.0,0.39,0.28,0.145,0.1225,0.0375,0.015,0.0075,0.0,0.0025,0.0,0.0,0.0,0.0,0.0,0.0,0.0,0.0,0.0,0.0,0.0,0.0,0.0,0.0,0.0,0.0,0.0,1.1102230246251565e-16,1,Горький
19,0.8223900196979645,0.10242941562705186,0.7138504804312163,0.04578313253012048,0.0891566265060241,0.07228915662650602,0.05542168674698795,0.05060240963855422,0.04578313253012048,0.03132530120481928,0.03132530120481928,0.03614457831325301,0.021686746987951807,0.02650602409638554,0.03132530120481928,0.033734939759036145,0.01927710843373494,0.01927710843373494,0.02650602409638554,0.02650602409638554,0.01927710843373494,0.01927710843373494,0.021686746987951807,0.016867469879518072,0.012048192771084338,0.016867469879518072,0.021686746987951807,0.016867469879518072,0.19277108433734913,0.10455635491606714,0.10807354116706634,0.09528377298161471,0.10647482014388489,0.13605115907274182,0.14388489208633093,0.11127098321342925,0.0759392486011191,0.0495603517186251,0.03437250199840128,0.015347721822541967,0.010391686650679457,0.005275779376498801,0.0022382094324540367,0.0011191047162270183,0.0001598721023181455,0.0,0.0,0.0,0.0,0.0,0.0,0.0,0.0,0.0,1.1102230246251565e-16,0.6265060240963856,0.27951807228915665,0.06987951807228916,0.021686746987951807,0.0024096385542168677,0.0,0.0,0.0,0.0,0.0,0.0,0.0,0.0,0.0,0.0,0.0,0.0,0.0,0.0,0.0,0.0,0.0,0.0,0.0,0.0,0.0,0.0,0.38072289156626504,0.26506024096385544,0.12530120481927712,0.10120481927710843,0.06987951807228916,0.024096385542168676,0.01927710843373494,0.007228915662650603,0.004819277108433735,0.0,0.0024096385542168677,0.0,0.0,0.0,0.0,0.0,0.0,0.0,0.0,0.0,0.0,0.0,0.0,0.0,0.0,0.0,0.0,1,Горький
20,0.7811355311355311,0.12866300366300365,0.6717932943709628,0.0702054794520548,0.0821917808219178,0.10102739726027397,0.0702054794520548,0.07191780821917808,0.07363013698630137,0.0684931506849315,0.0547945205479452,0.04794520547945205,0.053082191780821915,0.032534246575342464,0.039383561643835614,0.018835616438356163,0.02226027397260274,0.017123287671232876,0.025684931506849314,0.011986301369863013,0.015410958904109588,0.015410958904109588,0.008561643835616438,0.02226027397260274,0.005136986301369863,0.010273972602739725,0.011986301369863013,0.003424657534246575,0.046232876712328674,0.136169422255248,0.1112762400148616,0.10867545978079138,0.10180196916217722,0.11703511053315994,0.12037897083410737,0.10031580902842281,0.08136726732305406,0.05313022478172023,0.032138212892439164,0.018205461638491547,0.010031580902842282,0.007059260635333457,0.0013003901170351106,0.0005573100501579045,0.0005573100501579045,0.0,0.0,0.0,0.0,0.0,0.0,0.0,0.0,0.0,0.0,0.678082191780822,0.2568493150684932,0.0547945205479452,0.008561643835616438,0.0017123287671232876,0.0,0.0,0.0,0.0,0.0,0.0,0.0,0.0,0.0,0.0,0.0,0.0,0.0,0.0,0.0,0.0,0.0,0.0,0.0,0.0,0.0,0.0,0.4315068493150685,0.3253424657534247,0.1386986301369863,0.039383561643835614,0.030821917808219176,0.017123287671232876,0.005136986301369863,0.008561643835616438,0.0017123287671232876,0.0017123287671232876,0.0,0.0,0.0,0.0,0.0,0.0,0.0,0.0,0.0,0.0,0.0,0.0,0.0,0.0,0.0,0.0,1.1102230246251565e-16,1,Горький
21,0.7712062256809339,0.11465629053177691,0.6245949449125081,0.04189944134078212,0.07635009310986965,0.074487895716946,0.07914338919925512,0.06797020484171322,0.06983240223463687,0.05027932960893855,0.04748603351955307,0.055865921787709494,0.043761638733705775,0.04003724394785847,0.043761638733705775,0.03910614525139665,0.019553072625698324,0.03445065176908752,0.03910614525139665,0.025139664804469275,0.0186219739292365,0.0223463687150838,0.017690875232774673,0.012104283054003724,0.00931098696461825,0.010242085661080074,0.0074487895716946,0.006517690875232775,0.04748603351955305,0.1386894901527701,0.11761457758144671,0.13049880360758329,0.11973127185716916,0.12129578501748574,0.11476164181851647,0.09580342352291552,0.060371801951039944,0.03975704030922143,0.026688753911282902,0.015553101417264863,0.010307380820909259,0.00533775078225658,0.0016565433462175593,0.0008282716731087797,0.0005521811154058532,0.0003681207436039021,9.203018590097552e-05,0.0,0.0,0.0,9.203018590097552e-05,0.0,0.0,0.0,0.0,0.5558659217877095,0.35940409683426444,0.074487895716946,0.0074487895716946,0.00186219739292365,0.000931098696461825,0.0,0.0,0.0,0.0,0.0,0.0,0.0,0.0,0.0,0.0,0.0,0.0,0.0,0.0,0.0,0.0,0.0,0.0,0.0,0.0,-2.220446049250313e-16,0.3398510242085661,0.3258845437616387,0.186219739292365,0.074487895716946,0.04189944134078212,0.015828677839851025,0.0111731843575419,0.002793296089385475,0.000931098696461825,0.0,0.0,0.0,0.0,0.000931098696461825,0.0,0.0,0.0,0.0,0.0,0.0,0.0,0.0,0.0,0.0,0.0,0.0,0.0,1,Горький
22,0.7239130434782609,0.14608695652173914,0.6051039200210471,0.028901734104046242,0.06069364161849711,0.09248554913294797,0.08815028901734104,0.08670520231213873,0.08236994219653179,0.05491329479768786,0.057803468208092484,0.044797687861271675,0.06358381502890173,0.03901734104046243,0.036127167630057806,0.028901734104046242,0.01878612716763006,0.02167630057803468,0.02167630057803468,0.024566473988439308,0.02023121387283237,0.008670520231213872,0.01300578034682081,0.015895953757225433,0.008670520231213872,0.01300578034682081,0.002890173410404624,0.004335260115606936,0.06213872832369949,0.13810888252148998,0.1174785100286533,0.15616045845272206,0.12306590257879656,0.14369627507163324,0.12177650429799428,0.08925501432664756,0.04885386819484241,0.029369627507163324,0.017048710601719197,0.007449856733524355,0.005157593123209169,0.0018624641833810888,0.0007163323782234957,0.0,0.0,0.0,0.0,0.0,0.0,0.0,0.0,0.0,0.0,0.0,-2.220446049250313e-16,0.5260115606936416,0.3901734104046243,0.0708092485549133,0.010115606936416185,0.002890173410404624,0.0,0.0,0.0,0.0,0.0,0.0,0.0,0.0,0.0,0.0,0.0,0.0,0.0,0.0,0.0,0.0,0.0,0.0,0.0,0.0,0.0,0.0,0.3511560693641618,0.3063583815028902,0.17341040462427745,0.08236994219653179,0.04190751445086705,0.01878612716763006,0.014450867052023121,0.0072254335260115606,0.001445086705202312,0.001445086705202312,0.0,0.001445086705202312,0.0,0.0,0.0,0.0,0.0,0.0,0.0,0.0,0.0,0.0,0.0,0.0,0.0,0.0,0.0,1,Горький
23,0.8142131979695432,0.11269035532994924,0.7013171947312211,0.057692307692307696,0.1043956043956044,0.07417582417582418,0.07967032967032966,0.04945054945054945,0.0521978021978022,0.03296703296703297,0.027472527472527472,0.04945054945054945,0.027472527472527472,0.03296703296703297,0.03296703296703297,0.03296703296703297,0.027472527472527472,0.027472527472527472,0.03296703296703297,0.024725274725274724,0.0027472527472527475,0.024725274725274724,0.019230769230769232,0.016483516483516484,0.03021978021978022,0.013736263736263736,0.013736263736263736,0.008241758241758242,0.10439560439560436,0.11009817671809256,0.11103319308087892,0.10168302945301542,0.10144927536231885,0.14492753623188406,0.13160355306217858,0.1096306685366994,0.06521739130434782,0.05002337540906966,0.04184198223468911,0.0182328190743338,0.0065451145395044414,0.004441327723235157,0.002571294997662459,0.0002337540906965872,0.0,0.0,0.0004675081813931744,0.0,0.0,0.0,0.0,0.0,0.0,0.0,-2.220446049250313e-16,0.6208791208791209,0.28846153846153844,0.07417582417582418,0.013736263736263736,0.0,0.0027472527472527475,0.0,0.0,0.0,0.0,0.0,0.0,0.0,0.0,0.0,0.0,0.0,0.0,0.0,0.0,0.0,0.0,0.0,0.0,0.0,0.0,1.1102230246251565e-16,0.4368131868131868,0.3131868131868132,0.11813186813186813,0.07142857142857142,0.03296703296703297,0.019230769230769232,0.0027472527472527475,0.005494505494505495,0.0,0.0,0.0,0.0,0.0,0.0,0.0,0.0,0.0,0.0,0.0,0.0,0.0,0.0,0.0,0.0,0.0,0.0,0.0,1,Горький
24,0.7438249823570925,0.13032227711126793,0.5621528696112139,0.07079646017699115,0.11651917404129794,0.10324483775811209,0.08775811209439528,0.09587020648967552,0.07300884955752213,0.049410029498525077,0.0420353982300885,0.028023598820058997,0.03171091445427729,0.028761061946902654,0.029498525073746312,0.021386430678466076,0.02654867256637168,0.016224188790560472,0.018436578171091445,0.021386430678466076,0.018436578171091445,0.011061946902654867,0.011061946902654867,0.01327433628318584,0.008849557522123894,0.014011799410029498,0.008849557522123894,0.005162241887905605,0.04867256637168127,0.12182615168307005,0.12033744107187164,0.11653295839880903,0.10693904557108593,0.1400215035977173,0.11835249359027376,0.09990902324042676,0.07079646017699115,0.045653792076751305,0.028533620047969565,0.015217930692250433,0.008436026796791002,0.004218013398395501,0.0024811843519973536,0.0002481184351997353,0.0002481184351997353,0.0001654122901331569,0.0,8.270614506657845e-05,0.0,0.0,0.0,0.0,0.0,0.0,0.0,0.7227138643067846,0.2411504424778761,0.029498525073746312,0.00663716814159292,0.0,0.0,0.0,0.0,0.0,0.0,0.0,0.0,0.0,0.0,0.0,0.0,0.0,0.0,0.0,0.0,0.0,0.0,0.0,0.0,0.0,0.0,1.1102230246251565e-16,0.42920353982300885,0.29867256637168144,0.14601769911504425,0.0612094395280236,0.033185840707964605,0.011799410029498525,0.009587020648967551,0.003687315634218289,0.0014749262536873156,0.0014749262536873156,0.0014749262536873156,0.0007374631268436578,0.0014749262536873156,0.0,0.0,0.0,0.0,0.0,0.0,0.0,0.0,0.0,0.0,0.0,0.0,0.0,0.0,1,Горький
25,0.7551365043625106,0.12693498452012383,0.5939485122032765,0.10651408450704225,0.14612676056338028,0.14172535211267606,0.08626760563380281,0.06690140845070422,0.058098591549295774,0.04225352112676056,0.03873239436619718,0.037852112676056336,0.02640845070422535,0.023767605633802816,0.011443661971830986,0.018485915492957746,0.020246478873239437,0.018485915492957746,0.016725352112676055,0.008802816901408451,0.01584507042253521,0.01232394366197183,0.009683098591549295,0.009683098591549295,0.007042253521126761,0.009683098591549295,0.009683098591549295,0.00528169014084507,0.05193661971830976,0.10729888119339372,0.12530633990410228,0.10154501864677677,0.1202983484283431,0.1386254661694193,0.13905167820990944,0.1123068726691529,0.0580713905167821,0.03825253063399041,0.027277570591369205,0.017581246670218435,0.007991475759190196,0.004688332445391582,0.0008524240809802876,0.0007458710708577517,0.00010655301012253596,0.0,0.0,0.0,0.0,0.0,0.0,0.0,0.0,0.0,-2.220446049250313e-16,0.7394366197183099,0.23415492957746478,0.023767605633802816,0.0017605633802816902,0.0008802816901408451,0.0,0.0,0.0,0.0,0.0,0.0,0.0,0.0,0.0,0.0,0.0,0.0,0.0,0.0,0.0,0.0,0.0,0.0,0.0,0.0,0.0,0.0,0.5193661971830986,0.28257042253521125,0.11267605633802817,0.04225352112676056,0.01936619718309859,0.011443661971830986,0.00528169014084507,0.0044014084507042256,0.0008802816901408451,0.0,0.0008802816901408451,0.0,0.0,0.0,0.0008802816901408451,0.0,0.0,0.0,0.0,0.0,0.0,0.0,0.0,0.0,0.0,0.0,0.0,1,Горький
26,0.7879109225874867,0.12592788971367974,0.6846977672898893,0.024549918166939442,0.07692307692307693,0.06710310965630115,0.04746317512274959,0.060556464811783964,0.062193126022913256,0.03600654664484452,0.03436988543371522,0.049099836333878884,0.03927986906710311,0.03273322422258593,0.019639934533551555,0.02618657937806874,0.031096563011456628,0.02127659574468085,0.031096563011456628,0.02127659574468085,0.01800327332242226,0.02618657937806874,0.02127659574468085,0.016366612111292964,0.011456628477905073,0.02127659574468085,0.024549918166939442,0.02127659574468085,0.15875613747954165,0.1366948074476697,0.09552445935006361,0.09853128252573147,0.09899387070660344,0.11009598704753093,0.12154504452411241,0.09818434139007748,0.0738984618942986,0.05851740488030531,0.03851046605759223,0.02694576153579276,0.021279056320111022,0.01040823406961952,0.006476234532207702,0.003238117266103851,0.0008095293165259628,0.00023129409043598937,0.00011564704521799469,0.0,0.0,0.0,0.0,0.0,0.0,0.0,0.0,0.37643207855973815,0.4844517184942717,0.10801963993453355,0.024549918166939442,0.0032733224222585926,0.0032733224222585926,0.0,0.0,0.0,0.0,0.0,0.0,0.0,0.0,0.0,0.0,0.0,0.0,0.0,0.0,0.0,0.0,0.0,0.0,0.0,0.0,0.0,0.3355155482815057,0.31751227495908346,0.14729950900163666,0.09983633387888707,0.049099836333878884,0.022913256955810146,0.01800327332242226,0.004909983633387889,0.0032733224222585926,0.0016366612111292963,0.0,0.0,0.0,0.0,0.0,0.0,0.0,0.0,0.0,0.0,0.0,0.0,0.0,0.0,0.0,0.0,-2.220446049250313e-16,2,Грин
27,0.8551637279596978,0.09655751469353484,0.8088285229202037,0.03389830508474576,0.023728813559322035,0.05423728813559322,0.04067796610169491,0.04745762711864407,0.07796610169491526,0.04406779661016949,0.04745762711864407,0.04745762711864407,0.04406779661016949,0.04406779661016949,0.03389830508474576,0.023728813559322035,0.04067796610169491,0.020338983050847456,0.02711864406779661,0.03389830508474576,0.020338983050847456,0.02711864406779661,0.04067796610169491,0.01694915254237288,0.006779661016949152,0.020338983050847456,0.023728813559322035,0.02711864406779661,0.1322033898305084,0.1271769019248396,0.08547204399633364,0.09509624197983502,0.0886801099908341,0.11915673693858846,0.13038496791934007,0.09670027497708525,0.08043079743354721,0.06118240146654445,0.0423923006416132,0.03139321723189734,0.023373052245646196,0.00847846012832264,0.0048120989917506875,0.00229147571035747,0.001374885426214482,0.000687442713107241,0.0009165902841429881,0.0,0.0,0.0,0.0,0.0,0.0,0.0,0.0,0.43389830508474575,0.4711864406779661,0.09491525423728814,0.0,0.0,0.0,0.0,0.0,0.0,0.0,0.0,0.0,0.0,0.0,0.0,0.0,0.0,0.0,0.0,0.0,0.0,0.0,0.0,0.0,0.0,0.0,0.0,0.31864406779661014,0.3559322033898305,0.15254237288135594,0.0847457627118644,0.04067796610169491,0.023728813559322035,0.003389830508474576,0.003389830508474576,0.010169491525423728,0.003389830508474576,0.0,0.0,0.0,0.003389830508474576,0.0,0.0,0.0,0.0,0.0,0.0,0.0,0.0,0.0,0.0,0.0,0.0,2.220446049250313e-16,2,Грин
28,0.8006543584949755,0.11240944145828465,0.6716371056349082,0.05815602836879433,0.07092198581560284,0.0524822695035461,0.05531914893617021,0.04539007092198582,0.04964539007092199,0.04113475177304964,0.05106382978723404,0.03404255319148936,0.0425531914893617,0.028368794326241134,0.03687943262411347,0.018439716312056736,0.019858156028368795,0.032624113475177303,0.024113475177304965,0.029787234042553193,0.02269503546099291,0.014184397163120567,0.031205673758865248,0.018439716312056736,0.02695035460992908,0.009929078014184398,0.015602836879432624,0.011347517730496455,0.15886524822694992,0.12453136082683149,0.09909818623974061,0.10304995440267505,0.0892694295268011,0.12321410477252001,0.12382206910527915,0.10071942446043165,0.07650217853885906,0.06505218360522849,0.03668051474313507,0.025027865031918128,0.01641503698449691,0.008004863714662074,0.004458405106900395,0.0019252203870706252,0.0014185834431046712,0.0004053095551727632,0.0002026547775863816,0.0001013273887931908,0.0001013273887931908,0.0,0.0,0.0,0.0,0.0,0.0,0.4482269503546099,0.4368794326241135,0.08936170212765958,0.01702127659574468,0.00851063829787234,0.0,0.0,0.0,0.0,0.0,0.0,0.0,0.0,0.0,0.0,0.0,0.0,0.0,0.0,0.0,0.0,0.0,0.0,0.0,0.0,0.0,0.0,0.3517730496453901,0.3049645390070922,0.16170212765957448,0.08226950354609928,0.06666666666666667,0.02127659574468085,0.0070921985815602835,0.0014184397163120568,0.0014184397163120568,0.0,0.0014184397163120568,0.0,0.0,0.0,0.0,0.0,0.0,0.0,0.0,0.0,0.0,0.0,0.0,0.0,0.0,0.0,0.0,2,Грин
29,0.8200589970501475,0.10825958702064897,0.6918367346938775,0.042071197411003236,0.059870550161812294,0.0744336569579288,0.07119741100323625,0.06634304207119741,0.05177993527508091,0.05501618122977346,0.059870550161812294,0.04854368932038835,0.038834951456310676,0.05339805825242718,0.032362459546925564,0.025889967637540454,0.03398058252427184,0.021035598705501618,0.025889967637540454,0.024271844660194174,0.019417475728155338,0.014563106796116505,0.022653721682847898,0.016181229773462782,0.014563106796116505,0.022653721682847898,0.014563106796116505,0.006472491909385114,0.08414239482200658,0.09653739612188365,0.09722991689750693,0.10761772853185596,0.0886426592797784,0.14210526315789473,0.13462603878116344,0.10166204986149585,0.08074792243767313,0.05373961218836565,0.0407202216066482,0.02326869806094183,0.01551246537396122,0.00775623268698061,0.005817174515235457,0.0019390581717451524,0.0009695290858725762,0.0009695290858725762,0.00013850415512465375,0.0,0.0,0.0,0.0,0.0,0.0,0.0,2.220446049250313e-16,0.6132686084142395,0.3268608414239482,0.045307443365695796,0.014563106796116505,0.0,0.0,0.0,0.0,0.0,0.0,0.0,0.0,0.0,0.0,0.0,0.0,0.0,0.0,0.0,0.0,0.0,0.0,0.0,0.0,0.0,0.0,0.0,0.4563106796116505,0.30906148867313915,0.13106796116504854,0.06472491909385113,0.014563106796116505,0.016181229773462782,0.003236245954692557,0.0016181229773462784,0.003236245954692557,0.0,0.0,0.0,0.0,0.0,0.0,0.0,0.0,0.0,0.0,0.0,0.0,0.0,0.0,0.0,0.0,0.0,1.1102230246251565e-16,2,Грин
30,0.8317823908375089,0.10916249105225483,0.7270361696591204,0.07341269841269842,0.10515873015873016,0.10317460317460317,0.06349206349206349,0.06944444444444445,0.0496031746031746,0.027777777777777776,0.041666666666666664,0.03968253968253968,0.037698412698412696,0.031746031746031744,0.03373015873015873,0.023809523809523808,0.021825396825396824,0.031746031746031744,0.017857142857142856,0.021825396825396824,0.007936507936507936,0.011904761904761904,0.027777777777777776,0.01984126984126984,0.011904761904761904,0.011904761904761904,0.007936507936507936,0.003968253968253968,0.10317460317460325,0.09937888198757763,0.10044365572315883,0.11978704525288376,0.08624667258207631,0.12386867790594498,0.1318544809228039,0.11801242236024845,0.0878438331854481,0.05235137533274179,0.03371783496007098,0.020940550133096716,0.015261756876663708,0.006388642413487134,0.0026619343389529724,0.000709849157054126,0.000354924578527063,0.0001774622892635315,0.0,0.0,0.0,0.0,0.0,0.0,0.0,0.0,0.0,0.75,0.22023809523809523,0.023809523809523808,0.005952380952380952,0.0,0.0,0.0,0.0,0.0,0.0,0.0,0.0,0.0,0.0,0.0,0.0,0.0,0.0,0.0,0.0,0.0,0.0,0.0,0.0,0.0,0.0,0.0,0.43452380952380953,0.2996031746031746,0.14484126984126985,0.05952380952380952,0.031746031746031744,0.013888888888888888,0.007936507936507936,0.003968253968253968,0.001984126984126984,0.001984126984126984,0.0,0.0,0.0,0.0,0.0,0.0,0.0,0.0,0.0,0.0,0.0,0.0,0.0,0.0,0.0,0.0,0.0,2,Грин
31,0.7578077158603796,0.13655848132271892,0.597511891694109,0.09050179211469533,0.12724014336917563,0.10125448028673835,0.06451612903225806,0.07437275985663082,0.07078853046594982,0.06989247311827956,0.04659498207885305,0.0528673835125448,0.051075268817204304,0.04032258064516129,0.025985663082437275,0.027777777777777776,0.027777777777777776,0.016129032258064516,0.015232974910394265,0.013440860215053764,0.010752688172043012,0.010752688172043012,0.011648745519713262,0.004480286738351254,0.00985663082437276,0.004480286738351254,0.0035842293906810036,0.002688172043010753,0.025985663082437438,0.10572182089209953,0.11695906432748537,0.11581240683407866,0.08267400527462447,0.12716431601880518,0.13347093223254214,0.10021786492374728,0.07178075908726063,0.058135534915720675,0.03898635477582846,0.022359821121431027,0.013759889920880633,0.007338607957803004,0.003898635477582846,0.0010319917440660474,0.0005733287467033597,0.00011466574934067194,0.0,0.0,0.0,0.0,0.0,0.0,0.0,0.0,0.0,0.7016129032258065,0.260752688172043,0.03225806451612903,0.0035842293906810036,0.0017921146953405018,0.0,0.0,0.0,0.0,0.0,0.0,0.0,0.0,0.0,0.0,0.0,0.0,0.0,0.0,0.0,0.0,0.0,0.0,0.0,0.0,0.0,0.0,0.4220430107526882,0.3279569892473118,0.1532258064516129,0.051075268817204304,0.02867383512544803,0.008960573476702509,0.004480286738351254,0.0017921146953405018,0.0008960573476702509,0.0008960573476702509,0.0,0.0,0.0,0.0,0.0,0.0,0.0,0.0,0.0,0.0,0.0,0.0,0.0,0.0,0.0,0.0,0.0,2,Грин
32,0.8362637362637363,0.1076923076923077,0.765993265993266,0.0726643598615917,0.07785467128027682,0.07612456747404844,0.06920415224913495,0.05363321799307959,0.058823529411764705,0.08131487889273356,0.04844290657439446,0.05363321799307959,0.05536332179930796,0.04844290657439446,0.04671280276816609,0.04152249134948097,0.0328719723183391,0.012110726643598616,0.02249134948096886,0.02768166089965398,0.020761245674740483,0.01730103806228374,0.006920415224913495,0.005190311418685121,0.01730103806228374,0.00865051903114187,0.005190311418685121,0.00865051903114187,0.03114186851211087,0.11507203546361286,0.10103435537495382,0.10380495012929442,0.0906908016254156,0.11304026597709642,0.11728851126708534,0.10546730698189878,0.08551902475064647,0.058921315108976725,0.039157739194680456,0.032693018101219065,0.02087181381603251,0.0075729589951976355,0.004802364240857037,0.002216475803472479,0.0009235315847801995,0.0009235315847801995,0.0,0.0,0.0,0.0,0.0,0.0,0.0,0.0,1.1102230246251565e-16,0.4982698961937716,0.43252595155709345,0.06401384083044982,0.0034602076124567475,0.0017301038062283738,0.0,0.0,0.0,0.0,0.0,0.0,0.0,0.0,0.0,0.0,0.0,0.0,0.0,0.0,0.0,0.0,0.0,0.0,0.0,0.0,0.0,0.0,0.5346020761245674,0.29238754325259514,0.11245674740484429,0.03806228373702422,0.01384083044982699,0.0034602076124567475,0.005190311418685121,0.0,0.0,0.0,0.0,0.0,0.0,0.0,0.0,0.0,0.0,0.0,0.0,0.0,0.0,0.0,0.0,0.0,0.0,0.0,-2.220446049250313e-16,2,Грин
33,0.8194509073987901,0.11772917636109818,0.75166142007695,0.023333333333333334,0.03,0.01,0.03666666666666667,0.056666666666666664,0.05333333333333334,0.023333333333333334,0.04666666666666667,0.05,0.04666666666666667,0.043333333333333335,0.04666666666666667,0.04,0.056666666666666664,0.05333333333333334,0.03666666666666667,0.03,0.023333333333333334,0.02666666666666667,0.02666666666666667,0.04,0.013333333333333334,0.023333333333333334,0.01,0.02666666666666667,0.12666666666666682,0.13374805598755832,0.09064652299489002,0.1026438569206843,0.08820262163963563,0.11864030215507665,0.10730948678071539,0.09464563430348812,0.08464785603199289,0.059542323928016,0.04132415018884692,0.03510331037547212,0.022439457898244836,0.01088646967340591,0.005998666962897134,0.0019995556542990447,0.001110864252388358,0.00044434570095534326,0.00044434570095534326,0.00022217285047767163,0.0,0.0,0.0,0.0,0.0,0.0,2.220446049250313e-16,0.38,0.5033333333333333,0.11333333333333333,0.0033333333333333335,0.0,0.0,0.0,0.0,0.0,0.0,0.0,0.0,0.0,0.0,0.0,0.0,0.0,0.0,0.0,0.0,0.0,0.0,0.0,0.0,0.0,0.0,1.1102230246251565e-16,0.2966666666666667,0.30333333333333334,0.18666666666666668,0.09333333333333334,0.07666666666666666,0.013333333333333334,0.0033333333333333335,0.013333333333333334,0.01,0.0,0.0033333333333333335,0.0,0.0,0.0,0.0,0.0,0.0,0.0,0.0,0.0,0.0,0.0,0.0,0.0,0.0,0.0,0.0,2,Грин
34,0.7899343544857768,0.11913445173839048,0.6563996169805298,0.05776892430278884,0.11254980079681275,0.10458167330677291,0.0796812749003984,0.07171314741035857,0.049800796812749,0.05079681274900399,0.04780876494023904,0.04282868525896414,0.054780876494023904,0.0249003984063745,0.03884462151394422,0.03286852589641434,0.02390438247011952,0.02888446215139442,0.03286852589641434,0.013944223107569721,0.025896414342629483,0.01195219123505976,0.013944223107569721,0.017928286852589643,0.008964143426294821,0.00796812749003984,0.00398406374501992,0.00796812749003984,0.03286852589641476,0.09772554140820547,0.09652845793883992,0.11437588420938079,0.09359016215039721,0.11546414190880401,0.13820872782674937,0.1110022853411688,0.07585156164979867,0.059745347698334964,0.04080966372837088,0.023941669387310915,0.015670910871694418,0.009359016215039722,0.004679508107519861,0.0021765153988464467,0.000652954619653934,0.00010882576994232234,0.0,0.00010882576994232234,0.0,0.0,0.0,0.0,0.0,0.0,1.1102230246251565e-16,0.6553784860557769,0.3047808764940239,0.035856573705179286,0.00298804780876494,0.00099601593625498,0.0,0.0,0.0,0.0,0.0,0.0,0.0,0.0,0.0,0.0,0.0,0.0,0.0,0.0,0.0,0.0,0.0,0.0,0.0,0.0,0.0,0.0,0.548804780876494,0.27589641434262946,0.11155378486055777,0.046812749003984064,0.0099601593625498,0.0049800796812749,0.0,0.00099601593625498,0.00099601593625498,0.0,0.0,0.0,0.0,0.0,0.0,0.0,0.0,0.0,0.0,0.0,0.0,0.0,0.0,0.0,0.0,0.0,1.1102230246251565e-16,2,Грин
35,0.7666489078316463,0.1361214704315397,0.6506065857885616,0.08016443987667009,0.10277492291880781,0.11510791366906475,0.06680369989722508,0.05858170606372045,0.07399794450154162,0.05344295991778006,0.044193216855087356,0.040082219938335044,0.03699897225077081,0.03597122302158273,0.023638232271325797,0.03597122302158273,0.023638232271325797,0.023638232271325797,0.025693730729701953,0.01644398766700925,0.019527235354573486,0.01644398766700925,0.01644398766700925,0.008221993833504625,0.007194244604316547,0.010277492291880781,0.006166495375128468,0.007194244604316547,0.05138746145940398,0.1165983833462518,0.1214704905326099,0.10940095227549551,0.09334514450226995,0.12279924703798029,0.14660613442586645,0.09910308935887499,0.06400177167534049,0.04794596390211494,0.0341047503045067,0.02269959030007751,0.011294430295648323,0.0052042963127006975,0.00243605359317905,0.00243605359317905,0.0,0.00022145941756173182,0.00022145941756173182,0.00011072970878086591,0.0,0.0,0.0,0.0,0.0,0.0,1.1102230246251565e-16,0.7605344295991778,0.20246659815005139,0.030832476875642344,0.0051387461459403904,0.0010277492291880781,0.0,0.0,0.0,0.0,0.0,0.0,0.0,0.0,0.0,0.0,0.0,0.0,0.0,0.0,0.0,0.0,0.0,0.0,0.0,0.0,0.0,0.0,0.4450154162384378,0.29804727646454265,0.1366906474820144,0.05344295991778006,0.03597122302158273,0.015416238437821172,0.0041109969167523125,0.003083247687564234,0.0051387461459403904,0.0010277492291880781,0.0,0.0,0.0020554984583761563,0.0,0.0,0.0,0.0,0.0,0.0,0.0,0.0,0.0,0.0,0.0,0.0,0.0,2.220446049250313e-16,2,Грин
36,0.855674709562109,0.09606791778373548,0.7885835095137421,0.004784688995215311,0.014354066985645933,0.023923444976076555,0.023923444976076555,0.009569377990430622,0.0430622009569378,0.023923444976076555,0.03349282296650718,0.03827751196172249,0.028708133971291867,0.04784688995215311,0.04784688995215311,0.03827751196172249,0.019138755980861243,0.019138755980861243,0.0430622009569378,0.023923444976076555,0.023923444976076555,0.028708133971291867,0.019138755980861243,0.03827751196172249,0.0430622009569378,0.019138755980861243,0.023923444976076555,0.019138755980861243,0.3014354066985646,0.12662721893491125,0.08473372781065089,0.09443786982248521,0.09846153846153846,0.1242603550295858,0.11479289940828402,0.10863905325443787,0.08023668639053254,0.06201183431952663,0.03857988165680473,0.031715976331360946,0.01775147928994083,0.0073372781065088755,0.005207100591715977,0.001893491124260355,0.0021301775147928993,0.0007100591715976331,0.00023668639053254438,0.00023668639053254438,0.0,0.0,0.0,0.0,0.0,0.0,0.0,0.42105263157894735,0.44019138755980863,0.1339712918660287,0.004784688995215311,0.0,0.0,0.0,0.0,0.0,0.0,0.0,0.0,0.0,0.0,0.0,0.0,0.0,0.0,0.0,0.0,0.0,0.0,0.0,0.0,0.0,0.0,0.0,0.20095693779904306,0.32057416267942584,0.22009569377990432,0.11483253588516747,0.05263157894736842,0.03349282296650718,0.03827751196172249,0.019138755980861243,0.0,0.0,0.0,0.0,0.0,0.0,0.0,0.0,0.0,0.0,0.0,0.0,0.0,0.0,0.0,0.0,0.0,0.0,0.0,2,Грин
37,0.8323397913561847,0.10245901639344263,0.7297444263186514,0.03397027600849257,0.07855626326963906,0.09978768577494693,0.06581740976645435,0.06369426751592357,0.05732484076433121,0.050955414012738856,0.03397027600849257,0.044585987261146494,0.03397027600849257,0.059447983014861996,0.03397027600849257,0.01910828025477707,0.029723991507430998,0.03184713375796178,0.03184713375796178,0.02335456475583864,0.01910828025477707,0.016985138004246284,0.016985138004246284,0.014861995753715499,0.012738853503184714,0.004246284501061571,0.008492569002123142,0.012738853503184714,0.1019108280254778,0.10489384670744872,0.10723281756027347,0.10633321338611011,0.08114429650953581,0.10921194674343289,0.12288593019071609,0.1241453760345448,0.08240374235336452,0.05901403382511695,0.045519971212666425,0.02824757106872976,0.013853904282115869,0.0077365958978049655,0.003778337531486146,0.0016192875134940627,0.0008996041741633681,0.0001799208348326736,0.0003598416696653472,0.0001799208348326736,0.0001799208348326736,0.0001799208348326736,0.0,0.0,0.0,0.0,2.220446049250313e-16,0.6326963906581741,0.31422505307855625,0.03821656050955414,0.010615711252653927,0.004246284501061571,0.0,0.0,0.0,0.0,0.0,0.0,0.0,0.0,0.0,0.0,0.0,0.0,0.0,0.0,0.0,0.0,0.0,0.0,0.0,0.0,0.0,0.0,0.4394904458598726,0.30148619957537154,0.11252653927813164,0.08492569002123142,0.025477707006369428,0.012738853503184714,0.010615711252653927,0.004246284501061571,0.004246284501061571,0.0,0.0021231422505307855,0.0,0.0,0.0021231422505307855,0.0,0.0,0.0,0.0,0.0,0.0,0.0,0.0,0.0,0.0,0.0,0.0,0.0,2,Грин
38,0.8235294117647058,0.1093974175035868,0.7340705634544498,0.09662576687116564,0.12883435582822086,0.11809815950920245,0.08742331288343558,0.06134969325153374,0.05214723926380368,0.04294478527607362,0.049079754601226995,0.03834355828220859,0.04294478527607362,0.029141104294478526,0.023006134969325152,0.01687116564417178,0.03067484662576687,0.023006134969325152,0.02607361963190184,0.015337423312883436,0.012269938650306749,0.010736196319018405,0.012269938650306749,0.015337423312883436,0.007668711656441718,0.0015337423312883436,0.007668711656441718,0.010736196319018405,0.03987730061349681,0.10435421642476575,0.09443321697593239,0.08726805070733051,0.09498438361197868,0.13411721477126584,0.14477310306816094,0.11225427154142936,0.07330516259415763,0.06540510747749403,0.03913283115928716,0.023700165349990813,0.014146610325188316,0.004960499724416682,0.004409333088370384,0.001102333272092596,0.0007348888480617307,0.000551166636046298,0.00018372221201543268,0.00018372221201543268,0.0,0.0,0.0,0.0,0.0,0.0,-2.220446049250313e-16,0.7837423312883436,0.200920245398773,0.015337423312883436,0.0,0.0,0.0,0.0,0.0,0.0,0.0,0.0,0.0,0.0,0.0,0.0,0.0,0.0,0.0,0.0,0.0,0.0,0.0,0.0,0.0,0.0,0.0,0.0,0.5383435582822086,0.2837423312883436,0.11042944785276074,0.04447852760736196,0.015337423312883436,0.003067484662576687,0.003067484662576687,0.0,0.0,0.0,0.0015337423312883436,0.0,0.0,0.0,0.0,0.0,0.0,0.0,0.0,0.0,0.0,0.0,0.0,0.0,0.0,0.0,0.0,2,Грин
